"","today_post","today_perc_change","today_volume","today_polarity","today_subjectivity","yesterday_posts","yesterday_polarity","yesterday_subject"
"today_post",NA,0.00697816757370595,0,0.163696709520229,0.0820967354026325,0,0.396462353081104,0.181221110333485
"today_perc_change",0.00697816757370595,NA,1.99292867542056e-07,0.86462147322472,0.121868241957264,0.0328624717190538,0.586899407449275,0.28687849327162
"today_volume",0,1.99292867542056e-07,NA,0.318083710617755,0.022460915341914,0,0.411347936656578,0.0591165977001662
"today_polarity",0.163696709520229,0.86462147322472,0.318083710617755,NA,2.1316282072803e-13,0.791924796917229,0.150658980852337,0.77746595159766
"today_subjectivity",0.0820967354026325,0.121868241957264,0.022460915341914,2.1316282072803e-13,NA,0.532448661716033,0.523811334876781,0.170513397959995
"yesterday_posts",0,0.0328624717190538,0,0.791924796917229,0.532448661716033,NA,0.172219268912059,0.0876069682229834
"yesterday_polarity",0.396462353081104,0.586899407449275,0.411347936656578,0.150658980852337,0.523811334876781,0.172219268912059,NA,1.49213974509621e-13
"yesterday_subject",0.181221110333485,0.28687849327162,0.0591165977001662,0.77746595159766,0.170513397959995,0.0876069682229834,1.49213974509621e-13,NA
