"","this_week_posts","this_week_perc_change","this_week_volume","this_week_polarity","this_week_subjectivity","last_week_posts","last_week_polarity","last_week_subject"
"this_week_posts",NA,0.184625498861354,1.03364131200934e-05,0.912100256684085,0.195979003373577,0.00121200914541086,0.468958793490295,0.351250844964969
"this_week_perc_change",0.184625498861354,NA,0.00101897927147521,0.87375621479252,0.140431737669566,0.380507421831878,0.109535759293629,0.363755265106342
"this_week_volume",1.03364131200934e-05,0.00101897927147521,NA,0.891214982801496,0.102070051898401,0.057387289715277,0.556507406560505,0.876290753998519
"this_week_polarity",0.912100256684085,0.87375621479252,0.891214982801496,NA,0.0011464672942425,0.975070576057258,0.450310610623878,0.188114017065286
"this_week_subjectivity",0.195979003373577,0.140431737669566,0.102070051898401,0.0011464672942425,NA,0.368314183894277,0.568941478378232,0.476560387923594
"last_week_posts",0.00121200914541086,0.380507421831878,0.057387289715277,0.975070576057258,0.368314183894277,NA,0.8064942375555,0.232198566476477
"last_week_polarity",0.468958793490295,0.109535759293629,0.556507406560505,0.450310610623878,0.568941478378232,0.8064942375555,NA,0.0022171870466301
"last_week_subject",0.351250844964969,0.363755265106342,0.876290753998519,0.188114017065286,0.476560387923594,0.232198566476477,0.0022171870466301,NA
