"","today_post","today_perc_change","today_volume","today_polarity","today_subjectivity","yesterday_posts","yesterday_polarity","yesterday_subject"
"today_post",1,0.197201503010069,0.71662948931337,-0.102542940613484,-0.127822066751803,0.63256285357025,-0.0625358562253487,-0.098459310689651
"today_perc_change",0.197201503010069,1,0.37014753157339,0.0125855915721848,-0.11382838693201,0.156544248331824,-0.0400934879095976,-0.0784977861158075
"today_volume",0.71662948931337,0.37014753157339,1,-0.0736033338512805,-0.167306145561089,0.608892645871569,-0.0605901404426989,-0.13865093452681
"today_polarity",-0.102542940613484,0.0125855915721848,-0.0736033338512805,1,0.504402847904024,-0.0194730728811008,0.105798410087534,0.0208612905693267
"today_subjectivity",-0.127822066751803,-0.11382838693201,-0.167306145561089,0.504402847904024,1,-0.0460600802953093,0.0470335923335221,0.100917614232784
"yesterday_posts",0.63256285357025,0.156544248331824,0.608892645871569,-0.0194730728811008,-0.0460600802953093,1,-0.100518462577093,-0.125598480886578
"yesterday_polarity",-0.0625358562253487,-0.0400934879095976,-0.0605901404426989,0.105798410087534,0.0470335923335221,-0.100518462577093,1,0.50721591432529
"yesterday_subject",-0.098459310689651,-0.0784977861158075,-0.13865093452681,0.0208612905693267,0.100917614232784,-0.125598480886578,0.50721591432529,1
