"","this_week_posts","this_week_perc_change","this_week_volume","this_week_polarity","this_week_subjectivity","last_week_posts","last_week_polarity","last_week_subject"
"this_week_posts",1,0.268575096149671,0.749859461643837,-0.0227661379436865,-0.262024839948112,0.599400364278134,-0.148536659044562,-0.190499944521443
"this_week_perc_change",0.268575096149671,1,0.606590885503892,0.032763793532287,-0.297148867137354,-0.179408305885121,-0.32125691011426,0.185695667847997
"this_week_volume",0.749859461643837,0.606590885503892,1,0.0282040539036861,-0.327821495327899,0.377335976993104,-0.120842804196077,-0.032100961139301
"this_week_polarity",-0.0227661379436865,0.032763793532287,0.0282040539036861,1,0.601723199633392,-0.0064454806319812,0.154763540582753,0.266533569961124
"this_week_subjectivity",-0.262024839948112,-0.297148867137354,-0.327821495327899,0.601723199633392,1,-0.18396825486177,0.117082824244959,0.146035408987664
"last_week_posts",0.599400364278134,-0.179408305885121,0.377335976993104,-0.0064454806319812,-0.18396825486177,1,-0.0504915177029176,-0.242716218789238
"last_week_polarity",-0.148536659044562,-0.32125691011426,-0.120842804196077,0.154763540582753,0.117082824244959,-0.0504915177029176,1,0.572976629290547
"last_week_subject",-0.190499944521443,0.185695667847997,-0.032100961139301,0.266533569961124,0.146035408987664,-0.242716218789238,0.572976629290547,1
